# username,password
perf-user-001,Perf!Pass001
perf-user-002,Perf!Pass002
perf-user-003,Perf!Pass003
perf-user-004,Perf!Pass004
perf-user-005,Perf!Pass005
perf-user-006,Perf!Pass006
perf-user-007,Perf!Pass007
perf-user-008,Perf!Pass008
perf-user-009,Perf!Pass009
perf-user-010,Perf!Pass010
perf-user-011,Perf!Pass011
perf-user-012,Perf!Pass012
perf-user-013,Perf!Pass013
perf-user-014,Perf!Pass014
perf-user-015,Perf!Pass015
perf-user-016,Perf!Pass016
perf-user-017,Perf!Pass017
perf-user-018,Perf!Pass018
perf-user-019,Perf!Pass019
perf-user-020,Perf!Pass020
perf-user-021,Perf!Pass021
perf-user-022,Perf!Pass022
perf-user-023,Perf!Pass023
perf-user-024,Perf!Pass024
perf-user-025,Perf!Pass025
perf-user-026,Perf!Pass026
perf-user-027,Perf!Pass027
perf-user-028,Perf!Pass028
perf-user-029,Perf!Pass029
perf-user-030,Perf!Pass030
perf-user-031,Perf!Pass031
perf-user-032,Perf!Pass032
perf-user-033,Perf!Pass033
perf-user-034,Perf!Pass034
perf-user-035,Perf!Pass035
perf-user-036,Perf!Pass036
perf-user-037,Perf!Pass037
perf-user-038,Perf!Pass038
perf-user-039,Perf!Pass039
perf-user-040,Perf!Pass040
perf-user-041,Perf!Pass041
perf-user-042,Perf!Pass042
perf-user-043,Perf!Pass043
perf-user-044,Perf!Pass044
perf-user-045,Perf!Pass045
perf-user-046,Perf!Pass046
perf-user-047,Perf!Pass047
perf-user-048,Perf!Pass048
perf-user-049,Perf!Pass049
perf-user-050,Perf!Pass050
perf-user-051,Perf!Pass051
perf-user-052,Perf!Pass052
perf-user-053,Perf!Pass053
perf-user-054,Perf!Pass054
perf-user-055,Perf!Pass055
perf-user-056,Perf!Pass056
perf-user-057,Perf!Pass057
perf-user-058,Perf!Pass058
perf-user-059,Perf!Pass059
perf-user-060,Perf!Pass060
perf-user-061,Perf!Pass061
perf-user-062,Perf!Pass062
perf-user-063,Perf!Pass063
perf-user-064,Perf!Pass064
perf-user-065,Perf!Pass065
perf-user-066,Perf!Pass066
perf-user-067,Perf!Pass067
perf-user-068,Perf!Pass068
perf-user-069,Perf!Pass069
perf-user-070,Perf!Pass070
perf-user-071,Perf!Pass071
perf-user-072,Perf!Pass072
perf-user-073,Perf!Pass073
perf-user-074,Perf!Pass074
perf-user-075,Perf!Pass075
perf-user-076,Perf!Pass076
perf-user-077,Perf!Pass077
perf-user-078,Perf!Pass078
perf-user-079,Perf!Pass079
perf-user-080,Perf!Pass080
perf-user-081,Perf!Pass081
perf-user-082,Perf!Pass082
perf-user-083,Perf!Pass083
perf-user-084,Perf!Pass084
perf-user-085,Perf!Pass085
perf-user-086,Perf!Pass086
perf-user-087,Perf!Pass087
perf-user-088,Perf!Pass088
perf-user-089,Perf!Pass089
perf-user-090,Perf!Pass090
perf-user-091,Perf!Pass091
perf-user-092,Perf!Pass092
perf-user-093,Perf!Pass093
perf-user-094,Perf!Pass094
perf-user-095,Perf!Pass095
perf-user-096,Perf!Pass096
perf-user-097,Perf!Pass097
perf-user-098,Perf!Pass098
perf-user-099,Perf!Pass099
perf-user-100,Perf!Pass100
